AbbeyAbbyeAbigaelAbbeyAbigailAarenAbbeyAarenAbigailAbbyeAarenAbbeAbbiAarenAbbyAbbyAarikaAbbieAarenAbbyAbigailAbigaelAbigaleAbbe,AaronAalstAbanaAbanaAarenAbanaAbAabergAbAaronsonAarenAbaAabergAbagaelAarenAaraAaronAbaAbagaelAaraAabergAbAaraAabergAalstAalst,ZellZionsvilleZieglervilleZortmanZionsvilleZullingerZeelandZellZullingerZuniZieglervilleZeonaZeiglerZirconiaZumbrotaZeonaZephyrZelienople,16716482-08-01
AbbyeAbbeyAbigailAbbiAbbeAbagailAbagailAbigailAbbieAbigaelAbbiAbbieAbagailAbigaleAbbyeAbbyeAbbeyAbbieAbbeyAbbeAbbiAbbeyAbagaelAbagaelAbigaleAbbyeAbbieAbbeAbbiAbigael,AaraAbanaAaronsonAalstAalstAbagailAbanaAabergAbaAarenAbadAabergAarenAbaAaraAbaAbagailAbana,ZwolleZellZieglervilleZelienopleZellwoodZell,118166406-11-08
AbbieAbbyeAbbeyAbigailAbagaelAarenAbagailAbagailAbagailAbigaleAbbeAbigailAbbiAbbiAbagaelAbigaelAarenAbbeAbbyAbbiAbbeAbigailAbbieAbbieAbigaelAbbiAbbiAbigaleAarenAbigail,AarenAbanaAaronAbAbagaelAbadAarenAbagael,ZeiglerZendaZelienopleZionsvilleZimZuniZimZillahZephyrZephyrZionvilleZwolleZillahZimZuniZellZirconiaZellwoodZephyrZellwoodZumbrotaZirconiaZoarZieglerville,99791298-07-17
AarenAbbyeAbbieAbigaelAbagaelAbbiAbbyeAarenAbagailAarikaAbigaelAbbieAbigaelAbagaelAbbeAbagaelAbbie,AaronAarenAarenAarenAbaAbaAbanaAabergAarenAbagaelAbagaelAalstAarikaAalstAarikaAbAbagaelAarenAalst,ZionvilleZelienopleZeiglerZullingerZumbrotaZirconiaZionsvilleZieglerville,34335291-01-07
AbigaleAarikaAbigaleAbbieAbbyeAbigaelAbbeAarikaAbbyeAbagaelAbbyAbigaelAarikaAbbiAbigaelAbigaleAbagaelAbigailAaren,AbagailAalstAbagailAalstAarikaAarenAaraAbanaAbAbAbanaAalstAaraAbanaAbAbaAaraAalstAarikaAaronsonAaraAabergAabergAbaAara,ZephyrZephyrZelienopleZeonaZortmanZeonaZellZillahZeiglerZumbrotaZoarZionvilleZeonaZortmanZellZillahZionvilleZwolleZeonaZeiglerZuniZelienopleZim,38013668-07-09
AarikaAbigaelAbbieAbbiAbbieAbigale,AbAbagailAaronsonAbaAaronAalstAbanaAbaAaronAaronsonAbagaelAaraAaronAarikaAbadAbadAaraAaronsonAaronAarikaAbAabergAarenAbagailAbanaAaron,ZeonaZuniZillahZellwoodZullingerZuniZimZellwoodZuniZwingleZwolle,209309220-09-09
AbagaelAarikaAbbieAbigale,AaraAbanaAarikaAabergAabergAbanaAarenAalstAbadAarenAaronsonAbaAbaAaronsonAarenAbanaAbanaAbagaelAabergAarenAarika,ZoarZeonaZionvilleZellwoodZimZortmanZeonaZendaZwolleZeiglerZionvilleZuniZellZionsvilleZeelandZuniZieglervilleZellZendaZuniZionvilleZionsvilleZillahZieglervilleZuniZoar,139014865-09-27
AbbeyAbbeyAarika,AbaAaronsonAaronsonAbagaelAbAabergAbanaAbagaelAbaAbagailAbagailAalstAabergAarenAbagaelAbAbanaAarenAbadAalstAaronAbAbaAbadAb,ZellwoodZeiglerZeelandZionsvilleZelienopleZuniZeonaZumbrotaZeonaZendaZoarZeniaZendaZionvilleZenia,284693196-02-09
AbbyAbigailAbbye,AbaAaronsonAbanaAarikaAaronsonAbagaelAabergAbAbaAaronsonAbAaronsonAaronsonAbanaAbAarenAbagaelAaren,ZumbrotaZionvilleZirconiaZillahZuniZieglervilleZellwoodZellZeonaZuniZeonaZirconiaZwingleZionvilleZionsvilleZullingerZillahZelienopleZionvilleZumbrotaZionvilleZillahZenda,207887112-01-29
AbbyAbigaleAbagaelAbigaleAbagailAarenAbagailAarenAbbyAarikaAbbeAbbyAbigaelAarenAbbieAbagaelAbigailAarenAbbyAbbeAarenAarenAbbeyAbbeyAbbiAbbieAbbi,AaronAbaAarikaAalstAaraAaraAbadAbagaelAba,ZellwoodZieglervilleZeniaZwolleZelienople,87393714-01-15
